 交易日,自然日期,发生时间,最新价,开盘价,最高价,最低价,昨收价,总成交量,成交量,总成交额,成交额,总持,增仓,买一价,买一量,卖一价,卖一量
20100416,20100416,90015000,0,0,0,0,3870000,0,0,0,0,25160,0,3862000,1,3878000,10,
20100416,20100416,90017000,0,0,0,0,3870000,0,0,0,0,25160,0,3861000,1,3878000,10,
20100416,20100416,90033000,0,0,0,0,3870000,0,0,0,0,25160,0,3861000,1,3878000,20,
20100416,20100416,90049000,3861000,3861000,3861000,3861000,3870000,2,2,772,772,25160,0,3856000,2,3878000,20,
20100416,20100416,90059000,3861000,3861000,3861000,3861000,3870000,2,0,772,0,25160,0,3856000,2,3877000,2,
20100416,20100416,90100000,3861000,3861000,3861000,3861000,3870000,2,0,772,0,25160,0,3856000,2,3877000,7,
20100416,20100416,90103000,3861000,3861000,3861000,3861000,3870000,2,0,772,0,25160,0,3858000,2,3877000,7,
20100416,20100416,90109000,3861000,3861000,3861000,3861000,3870000,2,0,772,0,25160,0,3858000,2,3876000,5,
20100416,20100416,90117000,3861000,3861000,3861000,3861000,3870000,2,0,772,0,25160,0,3858000,2,3875000,5,
20100416,20100416,90121000,3861000,3861000,3861000,3861000,3870000,2,0,772,0,25160,0,3860000,1,3875000,5,
20100416,20100416,90133000,3861000,3861000,3861000,3861000,3870000,2,0,772,0,25160,0,3860000,1,3874000,6,
20100416,20100416,90134000,3861000,3861000,3861000,3861000,3870000,2,0,772,0,25160,0,3861000,1,3874000,6,
20100416,20100416,90151000,3861000,3861000,3861000,3861000,3870000,4,2,1544,772,25160,0,3860000,1,3874000,6,
20100416,20100416,90205000,3861000,3861000,3861000,3861000,3870000,4,0,1544,0,25160,0,3860000,1,3862000,5,
20100416,20100416,90216000,3862000,3861000,3862000,3861000,3870000,8,4,3089,1545,25160,0,3860000,1,3862000,3,
20100416,20100416,90221000,3862000,3861000,3862000,3861000,3870000,8,0,3089,0,25160,0,3858000,2,3862000,3,
20100416,20100416,90231000,3862000,3861000,3862000,3861000,3870000,8,0,3089,0,25160,0,3860000,1,3862000,3,
20100416,20100416,90237000,3862000,3861000,3862000,3861000,3870000,12,4,4634,1545,25156,-4,3860000,1,3862000,1,
20100416,20100416,90249000,3860000,3861000,3862000,3860000,3870000,14,2,5406,772,25156,0,3858000,2,3862000,1,
20100416,20100416,90316000,3860000,3861000,3862000,3860000,3870000,14,0,5406,0,25156,0,3859000,8,3862000,1,
20100416,20100416,90325000,3859000,3861000,3862000,3859000,3870000,16,2,6177,771,25154,-2,3859000,7,3862000,1,
20100416,20100416,90327000,3862000,3861000,3862000,3859000,3870000,18,2,6950,773,25152,-2,3859000,7,3873000,5,
20100416,20100416,90342000,3862000,3861000,3862000,3859000,3870000,18,0,6950,0,25152,0,3860000,1,3873000,5,
20100416,20100416,90343000,3862000,3861000,3862000,3859000,3870000,18,0,6950,0,25152,0,3860000,1,3872000,1,
20100416,20100416,90350000,3862000,3861000,3862000,3859000,3870000,18,0,6950,0,25152,0,3860000,1,3871000,2,
20100416,20100416,90413000,3862000,3861000,3862000,3859000,3870000,18,0,6950,0,25152,0,3860000,1,3870000,2,
20100416,20100416,90428000,3862000,3861000,3862000,3859000,3870000,18,0,6950,0,25152,0,3860000,1,3869000,2,
20100416,20100416,90509000,3862000,3861000,3862000,3859000,3870000,18,0,6950,0,25152,0,3860000,1,3868000,1,
20100416,20100416,90620000,3862000,3861000,3862000,3859000,3870000,18,0,6950,0,25152,0,3860000,1,3867000,2,
20100416,20100416,90636000,3862000,3861000,3862000,3859000,3870000,18,0,6950,0,25152,0,3860000,1,3867000,7,
20100416,20100416,90706000,3862000,3861000,3862000,3859000,3870000,18,0,6950,0,25152,0,3860000,1,3866000,1,
20100416,20100416,90720000,3862000,3861000,3862000,3859000,3870000,18,0,6950,0,25152,0,3860000,1,3865000,1,
20100416,20100416,90812000,3862000,3861000,3862000,3859000,3870000,18,0,6950,0,25152,0,3860000,1,3864000,5,
20100416,20100416,90844000,3862000,3861000,3862000,3859000,3870000,18,0,6950,0,25152,0,3860000,1,3863000,2,
20100416,20100416,90856000,3860000,3861000,3862000,3859000,3870000,20,2,7722,772,25150,-2,3859000,7,3863000,2,
20100416,20100416,90911000,3860000,3861000,3862000,3859000,3870000,20,0,7722,0,25150,0,3858000,2,3863000,2,
20100416,20100416,90949000,3860000,3861000,3862000,3859000,3870000,20,0,7722,0,25150,0,3858000,2,3862000,1,
20100416,20100416,91026000,3860000,3861000,3862000,3859000,3870000,20,0,7722,0,25150,0,3858000,2,3862000,6,
20100416,20100416,91052000,3860000,3861000,3862000,3859000,3870000,20,0,7722,0,25150,0,3858000,2,3860000,2,
20100416,20100416,91117000,3860000,3861000,3862000,3859000,3870000,24,4,9266,1544,25146,-4,3858000,2,3862000,6,
20100416,20100416,91200000,3860000,3861000,3862000,3859000,3870000,24,0,9266,0,25146,0,3858000,2,3862000,5,
20100416,20100416,91201000,3858000,3861000,3862000,3858000,3870000,26,2,10037,771,25144,-2,3858000,1,3862000,5,
20100416,20100416,91202000,3858000,3861000,3862000,3858000,3870000,26,0,10037,0,25144,0,3858000,1,3860000,10,
20100416,20100416,91204000,3858000,3861000,3862000,3858000,3870000,26,0,10037,0,25144,0,3858000,1,3860000,13,
20100416,20100416,91206000,3858000,3861000,3862000,3858000,3870000,26,0,10037,0,25144,0,3858000,4,3860000,13,
20100416,20100416,91219000,3858000,3861000,3862000,3858000,3870000,28,2,10809,772,25144,0,3858000,3,3860000,13,
20100416,20100416,91235000,3858000,3861000,3862000,3858000,3870000,34,6,13124,2315,25144,0,3852000,10,3860000,13,
20100416,20100416,91304000,3858000,3861000,3862000,3858000,3870000,34,0,13124,0,25144,0,3853000,2,3860000,13,
20100416,20100416,91330000,3858000,3861000,3862000,3858000,3870000,34,0,13124,0,25144,0,3858000,13,3860000,13,
20100416,20100416,91339000,3858000,3861000,3862000,3858000,3870000,34,0,13124,0,25144,0,3858000,13,3860000,14,
20100416,20100416,91418000,3858000,3861000,3862000,3858000,3870000,44,10,16982,3858,25134,-10,3858000,8,3860000,14,
20100416,20100416,91442000,3858000,3861000,3862000,3858000,3870000,44,0,16982,0,25134,0,3859000,2,3860000,14,
20100416,20100416,91447000,3860000,3861000,3862000,3858000,3870000,64,20,24702,7720,25114,-20,3859000,2,3860000,4,
20100416,20100416,91453000,3860000,3861000,3862000,3858000,3870000,72,8,27790,3088,25106,-8,3860000,1,3862000,5,
20100416,20100416,91502000,3860000,3861000,3862000,3858000,3870000,72,0,27790,0,25106,0,3860000,15,3862000,5,
20100416,20100416,91532000,3862000,3861000,3862000,3858000,3870000,82,10,31652,3862,25096,-10,3860000,15,3864000,5,
20100416,20100416,91533000,3862000,3861000,3862000,3858000,3870000,82,0,31652,0,25096,0,3861000,1,3864000,5,
20100416,20100416,91613000,3862000,3861000,3862000,3858000,3870000,82,0,31652,0,25096,0,3861000,1,3864000,6,
20100416,20100416,91705000,3861000,3861000,3862000,3858000,3870000,84,2,32424,772,25096,0,3860000,20,3864000,6,
20100416,20100416,91725000,3861000,3861000,3862000,3858000,3870000,84,0,32424,0,25096,0,3861000,2,3864000,6,
20100416,20100416,91742000,3861000,3861000,3862000,3858000,3870000,84,0,32424,0,25096,0,3860000,20,3864000,6,
20100416,20100416,91832000,3864000,3861000,3864000,3858000,3870000,88,4,33970,1546,25092,-4,3860000,20,3864000,4,
20100416,20100416,91842000,3864000,3861000,3864000,3858000,3870000,88,0,33970,0,25092,0,3861000,2,3864000,4,
20100416,20100416,91845000,3864000,3861000,3864000,3858000,3870000,88,0,33970,0,25092,0,3861000,3,3864000,4,
20100416,20100416,91908000,3864000,3861000,3864000,3858000,3870000,90,2,34742,772,25090,-2,3861000,3,3864000,3,
20100416,20100416,91923000,3864000,3861000,3864000,3858000,3870000,90,0,34742,0,25090,0,3861000,4,3864000,3,
20100416,20100416,91939000,3861000,3861000,3864000,3858000,3870000,98,8,37831,3089,25086,-4,3860000,20,3861000,2,
20100416,20100416,91948000,3861000,3861000,3864000,3858000,3870000,102,4,39376,1545,25082,-4,3860000,20,3864000,3,
20100416,20100416,92036000,3861000,3861000,3864000,3858000,3870000,102,0,39376,0,25082,0,3860000,20,3864000,5,
20100416,20100416,92053000,3861000,3861000,3864000,3858000,3870000,102,0,39376,0,25082,0,3860000,20,3861000,2,
20100416,20100416,92109000,3861000,3861000,3864000,3858000,3870000,102,0,39376,0,25082,0,3860000,25,3861000,2,
20100416,20100416,92248000,3861000,3861000,3864000,3858000,3870000,106,4,40920,1544,25078,-4,3860000,25,3864000,5,
20100416,20100416,92351000,3861000,3861000,3864000,3858000,3870000,106,0,40920,0,25078,0,3860000,25,3864000,8,
20100416,20100416,92449000,3861000,3861000,3864000,3858000,3870000,106,0,40920,0,25078,0,3860000,25,3864000,5,
20100416,20100416,92656000,3861000,3861000,3864000,3858000,3870000,106,0,40920,0,25078,0,3860000,25,3863000,5,
20100416,20100416,92751000,3860000,3861000,3864000,3858000,3870000,116,10,44780,3860,25068,-10,3860000,20,3863000,5,
20100416,20100416,92830000,3860000,3861000,3864000,3858000,3870000,126,10,48640,3860,25058,-10,3860000,15,3863000,5,
20100416,20100416,92948000,3860000,3861000,3864000,3858000,3870000,156,30,60220,11580,25058,0,3859000,10,3863000,5,
20100416,20100416,93140000,3860000,3861000,3864000,3858000,3870000,156,0,60220,0,25058,0,3860000,1,3863000,5,
20100416,20100416,93208000,3860000,3861000,3864000,3858000,3870000,158,2,60992,772,25058,0,3859000,10,3860000,1,
20100416,20100416,93245000,3859000,3861000,3864000,3858000,3870000,178,20,68710,7718,25058,0,3858000,8,3860000,1,
20100416,20100416,93308000,3859000,3861000,3864000,3858000,3870000,178,0,68710,0,25058,0,3858000,8,3863000,5,
20100416,20100416,93315000,3859000,3861000,3864000,3858000,3870000,178,0,68710,0,25058,0,3858000,8,3859000,1,
20100416,20100416,93336000,3859000,3861000,3864000,3858000,3870000,180,2,69482,772,25058,0,3858000,8,3863000,5,
20100416,20100416,93357000,3859000,3861000,3864000,3858000,3870000,180,0,69482,0,25058,0,3860000,1,3863000,5,
20100416,20100416,93533000,3863000,3861000,3864000,3858000,3870000,184,0,71027,0,25054,0,3860000,6,3863000,3,
20100416,20100416,93540000,3863000,3861000,3864000,3858000,3870000,184,0,71027,0,25054,0,3860000,5,3863000,3,
20100416,20100416,93546000,3863000,3861000,3864000,3858000,3870000,186,2,71800,773,25052,-2,3860000,5,3863000,2,
20100416,20100416,93549000,3863000,3861000,3864000,3858000,3870000,186,0,71800,0,25052,0,3860000,8,3863000,2,
20100416,20100416,93636000,3863000,3861000,3864000,3858000,3870000,186,0,71800,0,25052,0,3860000,13,3863000,2,
20100416,20100416,93802000,3863000,3861000,3864000,3858000,3870000,186,0,71800,0,25052,0,3860000,13,3863000,7,
20100416,20100416,93930000,3863000,3861000,3864000,3858000,3870000,186,0,71800,0,25052,0,3860000,13,3863000,8,
20100416,20100416,93947000,3863000,3861000,3864000,3858000,3870000,202,16,77980,6180,25038,-14,3863000,2,3864000,5,
20100416,20100416,94004000,3863000,3861000,3864000,3858000,3870000,206,4,79526,1546,25034,-4,3860000,13,3864000,5,
20100416,20100416,94012000,3863000,3861000,3864000,3858000,3870000,206,0,79526,0,25034,0,3861000,2,3864000,5,
20100416,20100416,94019000,3863000,3861000,3864000,3858000,3870000,206,0,79526,0,25034,0,3861000,2,3863000,1,
20100416,20100416,94027000,3863000,3861000,3864000,3858000,3870000,206,0,79526,0,25034,0,3861000,2,3863000,2,
20100416,20100416,94101000,3863000,3861000,3864000,3858000,3870000,206,0,79526,0,25034,0,3861000,2,3862000,2,
20100416,20100416,94109000,3863000,3861000,3864000,3858000,3870000,206,0,79526,0,25034,0,3860000,13,3862000,2,
20100416,20100416,94814000,3860000,3861000,3864000,3858000,3870000,208,2,80298,772,25034,0,3860000,12,3862000,2,
20100416,20100416,94836000,3862000,3861000,3864000,3858000,3870000,212,4,81842,1544,25030,-4,3860000,12,3863000,7,
20100416,20100416,94933000,3860000,3861000,3864000,3858000,3870000,214,2,82614,772,25030,0,3860000,11,3863000,7,
20100416,20100416,95107000,3860000,3861000,3864000,3858000,3870000,214,0,82614,0,25030,0,3860000,21,3863000,7,
20100416,20100416,95636000,3860000,3861000,3864000,3858000,3870000,214,0,82614,0,25030,0,3860000,26,3863000,7,
20100416,20100416,95754000,3863000,3861000,3864000,3858000,3870000,218,4,84160,1546,25028,-2,3860000,26,3863000,5,
20100416,20100416,95810000,3863000,3861000,3864000,3858000,3870000,218,0,84160,0,25028,0,3861000,2,3863000,5,
20100416,20100416,95900000,3863000,3861000,3864000,3858000,3870000,218,0,84160,0,25028,0,3861000,3,3863000,5,
20100416,20100416,95935000,3863000,3861000,3864000,3858000,3870000,218,0,84160,0,25028,0,3861000,1,3863000,5,
20100416,20100416,95955000,3863000,3861000,3864000,3858000,3870000,218,0,84160,0,25028,0,3862000,5,3863000,5,
20100416,20100416,100112000,3863000,3861000,3864000,3858000,3870000,222,4,85705,1545,25024,-4,3862000,5,3863000,3,
20100416,20100416,100113000,3863000,3861000,3864000,3858000,3870000,224,2,86477,772,25022,-2,3862000,5,3863000,2,
20100416,20100416,100139000,3863000,3861000,3864000,3858000,3870000,228,4,88023,1546,25018,-4,3862000,5,3864000,3,
20100416,20100416,100901000,3864000,3861000,3864000,3858000,3870000,230,2,88795,772,25016,-2,3862000,5,3864000,2,
20100416,20100416,101113000,3864000,3861000,3864000,3858000,3870000,232,2,89568,773,25014,-2,3862000,5,3864000,1,
20100416,20100416,101203000,3864000,3861000,3864000,3858000,3870000,234,2,90341,773,25012,-2,3864000,3,3865000,1,
20100416,20100416,101232000,3864000,3861000,3864000,3858000,3870000,234,0,90341,0,25012,0,3863000,10,3865000,1,
20100416,20100416,101245000,3864000,3861000,3864000,3858000,3870000,234,0,90341,0,25012,0,3864000,5,3865000,1,
20100416,20100416,101302000,3864000,3861000,3864000,3858000,3870000,234,0,90341,0,25012,0,3864000,5,3865000,2,
20100416,20100416,101330000,3865000,3861000,3865000,3858000,3870000,238,4,91887,1546,25014,2,3865000,3,3867000,5,
20100416,20100416,101417000,3865000,3861000,3865000,3858000,3870000,238,0,91887,0,25014,0,3864000,5,3867000,5,
20100416,20100416,103012000,3865000,3861000,3865000,3858000,3870000,238,0,91887,0,25014,0,3863000,15,3870000,3,
20100416,20100416,103013000,3865000,3861000,3865000,3858000,3870000,238,0,91887,0,25014,0,3863000,16,3870000,3,
20100416,20100416,103017000,3865000,3861000,3865000,3858000,3870000,238,0,91887,0,25014,0,3863000,11,3870000,3,
20100416,20100416,103022000,3865000,3861000,3865000,3858000,3870000,238,0,91887,0,25014,0,3863000,11,3869000,1,
20100416,20100416,103025000,3865000,3861000,3865000,3858000,3870000,238,0,91887,0,25014,0,3863000,11,3869000,21,
20100416,20100416,103112000,3865000,3861000,3865000,3858000,3870000,238,0,91887,0,25014,0,3863000,6,3869000,21,
20100416,20100416,103121000,3865000,3861000,3865000,3858000,3870000,238,0,91887,0,25014,0,3863000,6,3868000,2,
20100416,20100416,103131000,3865000,3861000,3865000,3858000,3870000,238,0,91887,0,25014,0,3863000,6,3867000,1,
20100416,20100416,103133000,3865000,3861000,3865000,3858000,3870000,238,0,91887,0,25014,0,3863000,5,3867000,1,
20100416,20100416,103241000,3865000,3861000,3865000,3858000,3870000,238,0,91887,0,25014,0,3863000,6,3867000,1,
20100416,20100416,103304000,3865000,3861000,3865000,3858000,3870000,238,0,91887,0,25014,0,3863000,16,3867000,1,
20100416,20100416,103306000,3865000,3861000,3865000,3858000,3870000,238,0,91887,0,25014,0,3863000,18,3867000,1,
20100416,20100416,103307000,3865000,3861000,3865000,3858000,3870000,238,0,91887,0,25014,0,3863000,19,3867000,1,
20100416,20100416,103313000,3865000,3861000,3865000,3858000,3870000,238,0,91887,0,25014,0,3863000,19,3868000,2,
20100416,20100416,103326000,3865000,3861000,3865000,3858000,3870000,238,0,91887,0,25014,0,3863000,19,3868000,7,
20100416,20100416,103343000,3865000,3861000,3865000,3858000,3870000,238,0,91887,0,25014,0,3863000,19,3868000,9,
20100416,20100416,103623000,3865000,3861000,3865000,3858000,3870000,238,0,91887,0,25014,0,3863000,16,3868000,9,
20100416,20100416,103631000,3865000,3861000,3865000,3858000,3870000,238,0,91887,0,25014,0,3864000,19,3868000,9,
20100416,20100416,103821000,3865000,3861000,3865000,3858000,3870000,238,0,91887,0,25014,0,3864000,19,3868000,4,
20100416,20100416,103825000,3865000,3861000,3865000,3858000,3870000,238,0,91887,0,25014,0,3866000,10,3868000,4,
20100416,20100416,103935000,3865000,3861000,3865000,3858000,3870000,238,0,91887,0,25014,0,3866000,10,3868000,2,
20100416,20100416,104026000,3865000,3861000,3865000,3858000,3870000,238,0,91887,0,25014,0,3866000,12,3868000,2,
20100416,20100416,104052000,3865000,3861000,3865000,3858000,3870000,238,0,91887,0,25014,0,3866000,13,3868000,2,
20100416,20100416,104158000,3865000,3861000,3865000,3858000,3870000,238,0,91887,0,25014,0,3866000,12,3868000,2,
20100416,20100416,104245000,3865000,3861000,3865000,3858000,3870000,238,0,91887,0,25014,0,3866000,11,3868000,2,
20100416,20100416,104309000,3865000,3861000,3865000,3858000,3870000,238,0,91887,0,25014,0,3866000,10,3868000,2,
20100416,20100416,104406000,3865000,3861000,3865000,3858000,3870000,238,0,91887,0,25014,0,3867000,5,3868000,2,
20100416,20100416,104743000,3868000,3861000,3868000,3858000,3870000,242,4,93434,1547,25010,-4,3868000,3,3870000,8,
20100416,20100416,104841000,3868000,3861000,3868000,3858000,3870000,242,0,93434,0,25010,0,3868000,3,3870000,3,
20100416,20100416,104902000,3868000,3861000,3868000,3858000,3870000,248,6,95755,2321,25004,-6,3867000,5,3868000,7,
20100416,20100416,104949000,3867000,3861000,3868000,3858000,3870000,258,10,99622,3867,24994,-10,3866000,12,3868000,7,
20100416,20100416,105008000,3867000,3861000,3868000,3858000,3870000,258,0,99622,0,24994,0,3866000,17,3868000,7,
20100416,20100416,105129000,3867000,3861000,3868000,3858000,3870000,258,0,99622,0,24994,0,3867000,7,3868000,7,
20100416,20100416,105655000,3867000,3861000,3868000,3858000,3870000,258,0,99622,0,24994,0,3867000,9,3868000,7,
20100416,20100416,105858000,3868000,3861000,3868000,3858000,3870000,272,14,105037,5415,24980,-14,3867000,9,3870000,3,
20100416,20100416,105936000,3868000,3861000,3868000,3858000,3870000,272,0,105037,0,24980,0,3867000,2,3870000,3,
20100416,20100416,110522000,3868000,3861000,3868000,3858000,3870000,272,0,105037,0,24980,0,3867000,3,3870000,3,
20100416,20100416,110653000,3868000,3861000,3868000,3858000,3870000,272,0,105037,0,24980,0,3868000,5,3870000,3,
20100416,20100416,110817000,3870000,3861000,3870000,3858000,3870000,276,4,106585,1548,24980,0,3868000,5,3870000,1,
20100416,20100416,110835000,3868000,3861000,3870000,3858000,3870000,278,2,107359,774,24980,0,3868000,4,3870000,1,
20100416,20100416,110848000,3868000,3861000,3870000,3858000,3870000,278,0,107359,0,24980,0,3868000,4,3870000,2,
20100416,20100416,111250000,3870000,3861000,3870000,3858000,3870000,282,4,108907,1548,24980,0,3868000,4,3871000,1,
20100416,20100416,111547000,3870000,3861000,3870000,3858000,3870000,282,0,108907,0,24980,0,3868000,23,3871000,1,
20100416,20100416,111600000,3870000,3861000,3870000,3858000,3870000,282,0,108907,0,24980,0,3870000,2,3871000,1,
20100416,20100416,111649000,3871000,3861000,3871000,3858000,3870000,284,2,109681,774,24978,-2,3870000,2,3875000,10,
20100416,20100416,111715000,3870000,3861000,3871000,3858000,3870000,288,4,111229,1548,24982,4,3868000,23,3875000,10,
20100416,20100416,111914000,3870000,3861000,3871000,3858000,3870000,288,0,111229,0,24982,0,3869000,14,3875000,10,
20100416,20100416,112050000,3870000,3861000,3871000,3858000,3870000,288,0,111229,0,24982,0,3869000,16,3875000,10,
20100416,20100416,112138000,3870000,3861000,3871000,3858000,3870000,288,0,111229,0,24982,0,3869000,32,3875000,10,
20100416,20100416,112514000,3870000,3861000,3871000,3858000,3870000,288,0,111229,0,24982,0,3869000,32,3874000,5,
20100416,20100416,112834000,3870000,3861000,3871000,3858000,3870000,288,0,111229,0,24982,0,3870000,2,3874000,5,
20100416,20100416,112847000,3870000,3861000,3871000,3858000,3870000,288,0,111229,0,24982,0,3869000,17,3874000,5,
20100416,20100416,112853000,3870000,3861000,3871000,3858000,3870000,288,0,111229,0,24982,0,3869000,22,3874000,5,
20100416,20100416,133000000,3874000,3861000,3874000,3858000,3870000,290,2,112004,775,24982,0,3869000,22,3874000,4,
20100416,20100416,133013000,3874000,3861000,3874000,3858000,3870000,290,0,112004,0,24982,0,3869000,20,3874000,4,
20100416,20100416,133021000,3874000,3861000,3874000,3858000,3870000,290,0,112004,0,24982,0,3869000,6,3874000,4,
20100416,20100416,133122000,3874000,3861000,3874000,3858000,3870000,290,0,112004,0,24982,0,3869000,8,3874000,4,
20100416,20100416,133139000,3874000,3861000,3874000,3858000,3870000,290,0,112004,0,24982,0,3869000,6,3874000,4,
20100416,20100416,133209000,3874000,3861000,3874000,3858000,3870000,294,4,113553,1549,24982,0,3869000,6,3874000,2,
20100416,20100416,133220000,3874000,3861000,3874000,3858000,3870000,294,0,113553,0,24982,0,3870000,2,3874000,2,
20100416,20100416,133405000,3874000,3861000,3874000,3858000,3870000,294,0,113553,0,24982,0,3870000,2,3873000,1,
20100416,20100416,133548000,3873000,3861000,3874000,3858000,3870000,296,2,114328,775,24980,-2,3870000,2,3874000,2,
20100416,20100416,133742000,3873000,3861000,3874000,3858000,3870000,296,0,114328,0,24980,0,3871000,1,3874000,2,
20100416,20100416,134023000,3873000,3861000,3874000,3858000,3870000,296,0,114328,0,24980,0,3873000,1,3874000,2,
20100416,20100416,134132000,3873000,3861000,3874000,3858000,3870000,298,2,115103,775,24980,0,3871000,1,3874000,2,
20100416,20100416,134214000,3873000,3861000,3874000,3858000,3870000,298,0,115103,0,24980,0,3872000,1,3874000,2,
20100416,20100416,134223000,3873000,3861000,3874000,3858000,3870000,298,0,115103,0,24980,0,3872000,2,3874000,2,
20100416,20100416,134402000,3873000,3861000,3874000,3858000,3870000,298,0,115103,0,24980,0,3873000,1,3874000,2,
20100416,20100416,134641000,3874000,3861000,3874000,3858000,3870000,300,2,115877,774,24980,0,3873000,1,3874000,1,
20100416,20100416,134657000,3874000,3861000,3874000,3858000,3870000,302,2,116652,775,24980,0,3873000,1,3875000,10,
20100416,20100416,134807000,3874000,3861000,3874000,3858000,3870000,302,0,116652,0,24980,0,3874000,1,3875000,10,
20100416,20100416,134924000,3874000,3861000,3874000,3858000,3870000,302,0,116652,0,24980,0,3874000,2,3875000,10,
20100416,20100416,134941000,3874000,3861000,3874000,3858000,3870000,306,4,118202,1550,24980,0,3873000,1,3875000,10,
20100416,20100416,135036000,3874000,3861000,3874000,3858000,3870000,306,0,118202,0,24980,0,3874000,1,3875000,10,
20100416,20100416,135153000,3874000,3861000,3874000,3858000,3870000,306,0,118202,0,24980,0,3874000,1,3875000,11,
20100416,20100416,135313000,3874000,3861000,3874000,3858000,3870000,308,2,118977,775,24980,0,3873000,1,3875000,11,
20100416,20100416,135407000,3874000,3861000,3874000,3858000,3870000,308,0,118977,0,24980,0,3873000,1,3875000,12,
20100416,20100416,135415000,3874000,3861000,3874000,3858000,3870000,308,0,118977,0,24980,0,3873000,1,3875000,11,
20100416,20100416,135457000,3874000,3861000,3874000,3858000,3870000,308,0,118977,0,24980,0,3874000,1,3875000,11,
20100416,20100416,135610000,3875000,3861000,3875000,3858000,3870000,310,2,119752,775,24978,-2,3874000,1,3875000,10,
20100416,20100416,135646000,3875000,3861000,3875000,3858000,3870000,328,18,126727,6975,24960,-18,3874000,1,3875000,1,
20100416,20100416,135735000,3875000,3861000,3875000,3858000,3870000,330,2,127502,775,24958,-2,3874000,1,3880000,5,
20100416,20100416,135738000,3875000,3861000,3875000,3858000,3870000,330,0,127502,0,24958,0,3874000,2,3880000,5,
20100416,20100416,135800000,3875000,3861000,3875000,3858000,3870000,330,0,127502,0,24958,0,3875000,1,3880000,5,
20100416,20100416,135826000,3875000,3861000,3875000,3858000,3870000,330,0,127502,0,24958,0,3875000,2,3880000,5,
20100416,20100416,140009000,3875000,3861000,3875000,3858000,3870000,330,0,127502,0,24958,0,3876000,2,3880000,5,
20100416,20100416,140105000,3875000,3861000,3875000,3858000,3870000,330,0,127502,0,24958,0,3875000,7,3880000,5,
20100416,20100416,140159000,3875000,3861000,3875000,3858000,3870000,330,0,127502,0,24958,0,3875000,12,3879000,2,
20100416,20100416,140210000,3875000,3861000,3875000,3858000,3870000,330,0,127502,0,24958,0,3876000,1,3879000,2,
20100416,20100416,140418000,3879000,3861000,3879000,3858000,3870000,332,2,128277,775,24958,0,3876000,1,3879000,1,
20100416,20100416,140453000,3879000,3861000,3879000,3858000,3870000,334,2,129053,776,24958,0,3876000,1,3880000,5,
20100416,20100416,140527000,3879000,3861000,3879000,3858000,3870000,334,0,129053,0,24958,0,3875000,11,3880000,5,
20100416,20100416,140528000,3879000,3861000,3879000,3858000,3870000,334,0,129053,0,24958,0,3875000,10,3879000,1,
20100416,20100416,140536000,3879000,3861000,3879000,3858000,3870000,336,2,129829,776,24958,0,3879000,1,3880000,5,
20100416,20100416,140543000,3879000,3861000,3879000,3858000,3870000,338,2,130605,776,24958,0,3875000,10,3880000,5,
20100416,20100416,140547000,3879000,3861000,3879000,3858000,3870000,338,0,130605,0,24958,0,3876000,1,3880000,5,
20100416,20100416,140549000,3880000,3861000,3880000,3858000,3870000,342,4,132157,1552,24954,-4,3876000,1,3880000,3,
20100416,20100416,140608000,3880000,3861000,3880000,3858000,3870000,342,0,132157,0,24954,0,3879000,2,3880000,3,
20100416,20100416,140644000,3880000,3861000,3880000,3858000,3870000,346,4,133709,1552,24950,-4,3879000,2,3880000,1,
20100416,20100416,140659000,3880000,3861000,3880000,3858000,3870000,348,2,134485,776,24948,-2,3879000,2,3890000,2,
20100416,20100416,140701000,3879000,3861000,3880000,3858000,3870000,352,4,136036,1551,24948,0,3878000,2,3890000,2,
20100416,20100416,140708000,3879000,3861000,3880000,3858000,3870000,352,0,136036,0,24948,0,3878000,2,3889000,2,
20100416,20100416,140728000,3879000,3861000,3880000,3858000,3870000,352,0,136036,0,24948,0,3879000,2,3889000,2,
20100416,20100416,140737000,3879000,3861000,3880000,3858000,3870000,356,4,137588,1552,24948,0,3878000,2,3889000,2,
20100416,20100416,140757000,3879000,3861000,3880000,3858000,3870000,356,0,137588,0,24948,0,3878000,2,3888000,1,
20100416,20100416,140813000,3879000,3861000,3880000,3858000,3870000,356,0,137588,0,24948,0,3878000,2,3887000,2,
20100416,20100416,140916000,3879000,3861000,3880000,3858000,3870000,356,0,137588,0,24948,0,3878000,2,3886000,1,
20100416,20100416,140948000,3879000,3861000,3880000,3858000,3870000,356,0,137588,0,24948,0,3878000,2,3885000,1,
20100416,20100416,140956000,3879000,3861000,3880000,3858000,3870000,356,0,137588,0,24948,0,3878000,2,3885000,6,
20100416,20100416,140959000,3878000,3861000,3880000,3858000,3870000,360,4,139139,1551,24948,0,3877000,2,3885000,6,
20100416,20100416,141009000,3878000,3861000,3880000,3858000,3870000,360,0,139139,0,24948,0,3877000,2,3884000,1,
20100416,20100416,141014000,3878000,3861000,3880000,3858000,3870000,360,0,139139,0,24948,0,3877000,2,3884000,25,
20100416,20100416,141025000,3878000,3861000,3880000,3858000,3870000,360,0,139139,0,24948,0,3877000,2,3884000,6,
20100416,20100416,141152000,3878000,3861000,3880000,3858000,3870000,360,0,139139,0,24948,0,3877000,7,3884000,6,
20100416,20100416,141155000,3878000,3861000,3880000,3858000,3870000,360,0,139139,0,24948,0,3877000,7,3883000,2,
20100416,20100416,141213000,3878000,3861000,3880000,3858000,3870000,360,0,139139,0,24948,0,3877000,7,3881000,2,
20100416,20100416,141429000,3878000,3861000,3880000,3858000,3870000,360,0,139139,0,24948,0,3877000,7,3881000,6,
20100416,20100416,141610000,3878000,3861000,3880000,3858000,3870000,360,0,139139,0,24948,0,3878000,2,3881000,6,
20100416,20100416,141739000,3878000,3861000,3880000,3858000,3870000,360,0,139139,0,24948,0,3878000,2,3881000,2,
20100416,20100416,141939000,3878000,3861000,3880000,3858000,3870000,364,4,140690,1551,24948,0,3877000,6,3881000,2,
20100416,20100416,142001000,3878000,3861000,3880000,3858000,3870000,364,0,140690,0,24948,0,3877000,6,3880000,4,
20100416,20100416,142041000,3878000,3861000,3880000,3858000,3870000,364,0,140690,0,24948,0,3877000,5,3880000,4,
20100416,20100416,142117000,3878000,3861000,3880000,3858000,3870000,364,0,140690,0,24948,0,3877000,5,3879000,5,
20100416,20100416,142135000,3878000,3861000,3880000,3858000,3870000,364,0,140690,0,24948,0,3877000,5,3879000,6,
20100416,20100416,142147000,3877000,3861000,3880000,3858000,3870000,374,10,144567,3877,24938,-10,3876000,2,3877000,51,
20100416,20100416,142213000,3876000,3861000,3880000,3858000,3870000,378,4,146118,1551,24938,0,3875000,7,3877000,51,
20100416,20100416,142225000,3876000,3861000,3880000,3858000,3870000,378,0,146118,0,24938,0,3875000,2,3877000,51,
20100416,20100416,142229000,3876000,3861000,3880000,3858000,3870000,378,0,146118,0,24938,0,3874000,2,3877000,51,
20100416,20100416,142252000,3876000,3861000,3880000,3858000,3870000,378,0,146118,0,24938,0,3874000,2,3877000,53,
20100416,20100416,142315000,3876000,3861000,3880000,3858000,3870000,378,0,146118,0,24938,0,3874000,2,3877000,51,
20100416,20100416,142410000,3876000,3861000,3880000,3858000,3870000,378,0,146118,0,24938,0,3876000,1,3877000,51,
20100416,20100416,142415000,3876000,3861000,3880000,3858000,3870000,378,0,146118,0,24938,0,3874000,2,3877000,51,
20100416,20100416,142416000,3876000,3861000,3880000,3858000,3870000,378,0,146118,0,24938,0,3874000,2,3876000,1,
20100416,20100416,142417000,3876000,3861000,3880000,3858000,3870000,380,2,146893,775,24938,0,3874000,1,3877000,51,
20100416,20100416,142510000,3874000,3861000,3880000,3858000,3870000,382,2,147668,775,24938,0,3873000,5,3877000,51,
20100416,20100416,142540000,3874000,3861000,3880000,3858000,3870000,382,0,147668,0,24938,0,3873000,5,3874000,5,
20100416,20100416,142556000,3874000,3861000,3880000,3858000,3870000,392,10,151542,3874,24938,0,3872000,1,3877000,51,
20100416,20100416,142640000,3872000,3861000,3880000,3858000,3870000,394,2,152316,774,24938,0,3870000,6,3877000,51,
20100416,20100416,142711000,3872000,3861000,3880000,3858000,3870000,394,0,152316,0,24938,0,3870000,6,3876000,6,
20100416,20100416,142719000,3872000,3861000,3880000,3858000,3870000,394,0,152316,0,24938,0,3871000,5,3877000,51,
20100416,20100416,142729000,3872000,3861000,3880000,3858000,3870000,394,0,152316,0,24938,0,3871000,5,3876000,1,
20100416,20100416,142733000,3872000,3861000,3880000,3858000,3870000,394,0,152316,0,24938,0,3871000,5,3875000,13,
20100416,20100416,142922000,3875000,3861000,3880000,3858000,3870000,400,6,154641,2325,24932,-6,3871000,5,3875000,10,
20100416,20100416,143027000,3875000,3861000,3880000,3858000,3870000,404,4,156191,1550,24928,-4,3871000,5,3875000,8,
20100416,20100416,143116000,3875000,3861000,3880000,3858000,3870000,404,0,156191,0,24928,0,3872000,5,3875000,8,
20100416,20100416,143151000,3875000,3861000,3880000,3858000,3870000,408,4,157741,1550,24924,-4,3872000,5,3875000,6,
20100416,20100416,143200000,3875000,3861000,3880000,3858000,3870000,410,2,158516,775,24922,-2,3872000,5,3875000,5,
20100416,20100416,143350000,3875000,3861000,3880000,3858000,3870000,410,0,158516,0,24922,0,3872000,5,3875000,7,
20100416,20100416,143417000,3875000,3861000,3880000,3858000,3870000,414,4,160066,1550,24918,-4,3872000,5,3875000,5,
20100416,20100416,143426000,3875000,3861000,3880000,3858000,3870000,418,4,161616,1550,24914,-4,3872000,5,3875000,3,
20100416,20100416,143521000,3875000,3861000,3880000,3858000,3870000,422,4,163166,1550,24912,-2,3872000,5,3875000,1,
20100416,20100416,143537000,3875000,3861000,3880000,3858000,3870000,424,2,163941,775,24912,0,3872000,5,3877000,51,
20100416,20100416,143607000,3875000,3861000,3880000,3858000,3870000,424,0,163941,0,24912,0,3872000,5,3876000,1,
20100416,20100416,143813000,3872000,3861000,3880000,3858000,3870000,428,4,165490,1549,24912,0,3872000,3,3876000,1,
20100416,20100416,143825000,3872000,3861000,3880000,3858000,3870000,428,0,165490,0,24912,0,3873000,5,3876000,1,
20100416,20100416,144100000,3876000,3861000,3880000,3858000,3870000,430,2,166265,775,24912,0,3873000,5,3877000,51,
20100416,20100416,144144000,3877000,3861000,3880000,3858000,3870000,440,10,170142,3877,24902,-10,3873000,5,3877000,46,
20100416,20100416,144237000,3877000,3861000,3880000,3858000,3870000,440,0,170142,0,24902,0,3873000,5,3876000,6,
20100416,20100416,144254000,3877000,3861000,3880000,3858000,3870000,440,0,170142,0,24902,0,3873000,5,3877000,46,
20100416,20100416,144258000,3877000,3861000,3880000,3858000,3870000,440,0,170142,0,24902,0,3876000,5,3877000,46,
20100416,20100416,144455000,3876000,3861000,3880000,3858000,3870000,450,10,174018,3876,24902,0,3873000,5,3877000,46,
20100416,20100416,144457000,3877000,3861000,3880000,3858000,3870000,464,14,179446,5428,24888,-14,3873000,5,3877000,39,
20100416,20100416,144554000,3877000,3861000,3880000,3858000,3870000,464,0,179446,0,24888,0,3873000,5,3877000,45,
20100416,20100416,144558000,3877000,3861000,3880000,3858000,3870000,464,0,179446,0,24888,0,3873000,5,3877000,39,
20100416,20100416,144622000,3877000,3861000,3880000,3858000,3870000,464,0,179446,0,24888,0,3874000,1,3877000,39,
20100416,20100416,144636000,3877000,3861000,3880000,3858000,3870000,466,2,180221,775,24886,-2,3874000,1,3877000,38,
20100416,20100416,144715000,3877000,3861000,3880000,3858000,3870000,492,26,190302,10081,24860,-26,3874000,1,3877000,25,
20100416,20100416,144821000,3877000,3861000,3880000,3858000,3870000,492,0,190302,0,24860,0,3874000,1,3877000,27,
20100416,20100416,144917000,3877000,3861000,3880000,3858000,3870000,492,0,190302,0,24860,0,3874000,1,3876000,3,
20100416,20100416,145004000,3877000,3861000,3880000,3858000,3870000,492,0,190302,0,24860,0,3875000,2,3876000,3,
20100416,20100416,145032000,3876000,3861000,3880000,3858000,3870000,494,2,191077,775,24860,0,3875000,2,3876000,2,
20100416,20100416,145127000,3876000,3861000,3880000,3858000,3870000,496,2,191852,775,24860,0,3875000,2,3876000,1,
20100416,20100416,145447000,3876000,3861000,3880000,3858000,3870000,496,0,191852,0,24860,0,3873000,5,3876000,1,
20100416,20100416,145512000,3876000,3861000,3880000,3858000,3870000,498,2,192627,775,24860,0,3876000,1,3877000,27,
20100416,20100416,145527000,3876000,3861000,3880000,3858000,3870000,500,2,193402,775,24860,0,3873000,5,3877000,27,
20100416,20100416,145617000,3876000,3861000,3880000,3858000,3870000,504,4,194953,1551,24860,0,3873000,5,3877000,25,
20100416,20100416,145624000,3876000,3861000,3880000,3858000,3870000,504,0,194953,0,24860,0,3876000,2,3877000,25,
20100416,20100416,145645000,3876000,3861000,3880000,3858000,3870000,508,4,196503,1550,24860,0,3873000,5,3876000,8,
20100416,20100416,145819000,3876000,3861000,3880000,3858000,3870000,508,0,196503,0,24860,0,3874000,3,3876000,8,
20100416,20100416,145835000,3876000,3861000,3880000,3858000,3870000,508,0,196503,0,24860,0,3874000,5,3876000,8,
20100416,20100416,145911000,3876000,3861000,3880000,3858000,3870000,508,0,196503,0,24860,0,3874000,3,3876000,8,
20100416,20100416,145912000,3876000,3861000,3880000,3858000,3870000,508,0,196503,0,24860,0,3874000,3,3875000,3,
20100416,20100416,145934000,3875000,3861000,3880000,3858000,3870000,512,4,198053,1550,24860,0,3874000,3,3875000,1,
20100416,20100416,145938000,3875000,3861000,3880000,3858000,3870000,514,2,198828,775,24860,0,3875000,1,3876000,8,
20100416,20100416,145954000,3876000,3861000,3880000,3858000,3870000,530,0,205030,0,24860,0,3875000,1,3877000,25,
